clip,family,tag,cov,conf
q01_bench,bar_hub,hub_btrk_b,1.0,0.873
q01_bench,bar_hub,hub_btrk_l,1.0,0.887
q01_bench,bar_hub,hub_smoke,1.0,0.795
q01_bench,bar_hub,hub_v1,1.0,0.864
q01_bench,bar_hub,hub_v2b,1.0,0.907
q01_bench,bar_hub,hub_v2l,1.0,0.906
q01_bench,bar_hub,hub_pwai,0.8,0.507
q01_bench,plates,plt_pw,1.0,0.948
q01_bench,plates,plt_prod,1.0,0.678
q01_bench,plates,plt_20b,0.667,0.428
q01_bench,plates,plt_20l,1.0,0.931
q01_bench,plates,plt_only,1.0,0.678
q01_bench,plates,plt_pwl,0.1,0.4
q01_bench,keypoints,kp_old,1.0,0.931
q01_bench,keypoints,kp_misc,1.0,0.927
q01_bench,keypoints,kp_skel17,1.0,0.849
q01_bench,keypoints,kp_v3b,1.0,0.852
q01_bench,keypoints,kp_v3l,1.0,0.887
q01_bench,keypoints,kp_20sep,1.0,0.882
q01_bench,segmentation,seg_pw,1.0,0.614
q01_bench,segmentation,seg_v1,1.0,0.941
q01_bench,segmentation,seg_v2b,1.0,0.967
q01_bench,segmentation,seg_v2l,1.0,0.973
q01_bench,lift,lift_prod,1.0,1.0
q01_bench,lift,lift_newv,1.0,0.996
q01_bench,view,view_v2,1.0,0.904
q01_bench,weight,weight_m,0.0,0.0
q02_bench,bar_hub,hub_btrk_b,0.975,0.492
q02_bench,bar_hub,hub_btrk_l,0.992,0.496
q02_bench,bar_hub,hub_smoke,0.967,0.47
q02_bench,bar_hub,hub_v1,1.0,0.754
q02_bench,bar_hub,hub_v2b,1.0,0.889
q02_bench,bar_hub,hub_v2l,1.0,0.887
q02_bench,bar_hub,hub_pwai,1.0,0.92
q02_bench,plates,plt_pw,1.0,0.94
q02_bench,plates,plt_prod,0.367,0.282
q02_bench,plates,plt_20b,1.0,0.822
q02_bench,plates,plt_20l,1.0,0.931
q02_bench,plates,plt_only,0.367,0.282
q02_bench,plates,plt_pwl,0.4,0.356
q02_bench,keypoints,kp_old,1.0,0.896
q02_bench,keypoints,kp_misc,1.0,0.895
q02_bench,keypoints,kp_skel17,1.0,0.883
q02_bench,keypoints,kp_v3b,1.0,0.819
q02_bench,keypoints,kp_v3l,1.0,0.852
q02_bench,keypoints,kp_20sep,1.0,0.884
q02_bench,segmentation,seg_pw,1.0,0.388
q02_bench,segmentation,seg_v1,1.0,0.954
q02_bench,segmentation,seg_v2b,1.0,0.639
q02_bench,segmentation,seg_v2l,1.0,0.806
q02_bench,lift,lift_prod,1.0,1.0
q02_bench,lift,lift_newv,1.0,1.0
q02_bench,view,view_v2,1.0,1.0
q02_bench,weight,weight_m,0.0,0.0
q03_squat,bar_hub,hub_btrk_b,1.0,0.838
q03_squat,bar_hub,hub_btrk_l,1.0,0.848
q03_squat,bar_hub,hub_smoke,1.0,0.808
q03_squat,bar_hub,hub_v1,1.0,0.865
q03_squat,bar_hub,hub_v2b,1.0,0.908
q03_squat,bar_hub,hub_v2l,1.0,0.909
q03_squat,bar_hub,hub_pwai,1.0,0.938
q03_squat,plates,plt_pw,1.0,0.946
q03_squat,plates,plt_prod,1.0,0.811
q03_squat,plates,plt_20b,1.0,0.845
q03_squat,plates,plt_20l,1.0,0.945
q03_squat,plates,plt_only,1.0,0.811
q03_squat,plates,plt_pwl,1.0,0.851
q03_squat,keypoints,kp_old,1.0,0.917
q03_squat,keypoints,kp_misc,1.0,0.915
q03_squat,keypoints,kp_skel17,1.0,0.732
q03_squat,keypoints,kp_v3b,1.0,0.831
q03_squat,keypoints,kp_v3l,1.0,0.821
q03_squat,keypoints,kp_20sep,1.0,0.807
q03_squat,segmentation,seg_pw,0.675,0.467
q03_squat,segmentation,seg_v1,1.0,0.824
q03_squat,segmentation,seg_v2b,1.0,0.763
q03_squat,segmentation,seg_v2l,1.0,0.797
q03_squat,lift,lift_prod,1.0,0.693
q03_squat,lift,lift_newv,1.0,0.914
q03_squat,view,view_v2,1.0,1.0
q03_squat,weight,weight_m,0.0,0.0
q04_squat,bar_hub,hub_btrk_b,0.0,0.0
q04_squat,bar_hub,hub_btrk_l,0.0,0.0
q04_squat,bar_hub,hub_smoke,0.0,0.0
q04_squat,bar_hub,hub_v1,0.0,0.0
q04_squat,bar_hub,hub_v2b,0.033,0.496
q04_squat,bar_hub,hub_v2l,0.025,0.407
q04_squat,bar_hub,hub_pwai,0.058,0.64
q04_squat,plates,plt_pw,0.0,0.0
q04_squat,plates,plt_prod,0.0,0.0
q04_squat,plates,plt_20b,0.0,0.0
q04_squat,plates,plt_20l,0.0,0.0
q04_squat,plates,plt_only,0.0,0.0
q04_squat,plates,plt_pwl,0.0,0.0
q04_squat,keypoints,kp_old,1.0,0.861
q04_squat,keypoints,kp_misc,1.0,0.826
q04_squat,keypoints,kp_skel17,1.0,0.819
q04_squat,keypoints,kp_v3b,1.0,0.764
q04_squat,keypoints,kp_v3l,1.0,0.867
q04_squat,keypoints,kp_20sep,1.0,0.874
q04_squat,segmentation,seg_pw,1.0,0.901
q04_squat,segmentation,seg_v1,1.0,0.91
q04_squat,segmentation,seg_v2b,1.0,0.936
q04_squat,segmentation,seg_v2l,1.0,0.942
q04_squat,lift,lift_prod,1.0,1.0
q04_squat,lift,lift_newv,1.0,0.998
q04_squat,view,view_v2,1.0,0.999
q04_squat,weight,weight_m,0.0,0.0
q05_deadlift,bar_hub,hub_btrk_b,1.0,0.804
q05_deadlift,bar_hub,hub_btrk_l,1.0,0.828
q05_deadlift,bar_hub,hub_smoke,1.0,0.672
q05_deadlift,bar_hub,hub_v1,1.0,0.794
q05_deadlift,bar_hub,hub_v2b,1.0,0.902
q05_deadlift,bar_hub,hub_v2l,1.0,0.901
q05_deadlift,bar_hub,hub_pwai,1.0,0.935
q05_deadlift,plates,plt_pw,1.0,0.909
q05_deadlift,plates,plt_prod,1.0,0.792
q05_deadlift,plates,plt_20b,1.0,0.873
q05_deadlift,plates,plt_20l,1.0,0.945
q05_deadlift,plates,plt_only,1.0,0.792
q05_deadlift,plates,plt_pwl,1.0,0.857
q05_deadlift,keypoints,kp_old,1.0,0.914
q05_deadlift,keypoints,kp_misc,1.0,0.914
q05_deadlift,keypoints,kp_skel17,1.0,0.875
q05_deadlift,keypoints,kp_v3b,1.0,0.815
q05_deadlift,keypoints,kp_v3l,1.0,0.845
q05_deadlift,keypoints,kp_20sep,1.0,0.897
q05_deadlift,segmentation,seg_pw,0.758,0.745
q05_deadlift,segmentation,seg_v1,0.792,0.811
q05_deadlift,segmentation,seg_v2b,1.0,0.924
q05_deadlift,segmentation,seg_v2l,1.0,0.96
q05_deadlift,lift,lift_prod,1.0,0.855
q05_deadlift,lift,lift_newv,1.0,0.966
q05_deadlift,view,view_v2,1.0,0.955
q05_deadlift,weight,weight_m,0.2,0.344
q06_deadlift,bar_hub,hub_btrk_b,1.0,0.802
q06_deadlift,bar_hub,hub_btrk_l,1.0,0.828
q06_deadlift,bar_hub,hub_smoke,1.0,0.733
q06_deadlift,bar_hub,hub_v1,1.0,0.802
q06_deadlift,bar_hub,hub_v2b,1.0,0.886
q06_deadlift,bar_hub,hub_v2l,1.0,0.889
q06_deadlift,bar_hub,hub_pwai,1.0,0.938
q06_deadlift,plates,plt_pw,1.0,0.888
q06_deadlift,plates,plt_prod,1.0,0.874
q06_deadlift,plates,plt_20b,1.0,0.894
q06_deadlift,plates,plt_20l,1.0,0.939
q06_deadlift,plates,plt_only,1.0,0.874
q06_deadlift,plates,plt_pwl,1.0,0.885
q06_deadlift,keypoints,kp_old,1.0,0.934
q06_deadlift,keypoints,kp_misc,1.0,0.933
q06_deadlift,keypoints,kp_skel17,1.0,0.817
q06_deadlift,keypoints,kp_v3b,1.0,0.844
q06_deadlift,keypoints,kp_v3l,1.0,0.84
q06_deadlift,keypoints,kp_20sep,1.0,0.877
q06_deadlift,segmentation,seg_pw,1.0,0.821
q06_deadlift,segmentation,seg_v1,1.0,0.965
q06_deadlift,segmentation,seg_v2b,1.0,0.968
q06_deadlift,segmentation,seg_v2l,1.0,0.97
q06_deadlift,lift,lift_prod,1.0,1.0
q06_deadlift,lift,lift_newv,1.0,0.999
q06_deadlift,view,view_v2,1.0,1.0
q06_deadlift,weight,weight_m,0.158,0.342
q07_valida,bar_hub,hub_btrk_b,1.0,0.764
q07_valida,bar_hub,hub_btrk_l,1.0,0.769
q07_valida,bar_hub,hub_smoke,1.0,0.595
q07_valida,bar_hub,hub_v1,1.0,0.697
q07_valida,bar_hub,hub_v2b,1.0,0.706
q07_valida,bar_hub,hub_v2l,1.0,0.728
q07_valida,bar_hub,hub_pwai,1.0,0.93
q07_valida,plates,plt_pw,1.0,0.946
q07_valida,plates,plt_prod,1.0,0.739
q07_valida,plates,plt_20b,1.0,0.846
q07_valida,plates,plt_20l,1.0,0.94
q07_valida,plates,plt_only,1.0,0.739
q07_valida,plates,plt_pwl,1.0,0.587
q07_valida,keypoints,kp_old,1.0,0.913
q07_valida,keypoints,kp_misc,1.0,0.905
q07_valida,keypoints,kp_skel17,1.0,0.895
q07_valida,keypoints,kp_v3b,1.0,0.825
q07_valida,keypoints,kp_v3l,1.0,0.871
q07_valida,keypoints,kp_20sep,1.0,0.864
q07_valida,segmentation,seg_pw,0.933,0.68
q07_valida,segmentation,seg_v1,0.342,0.49
q07_valida,segmentation,seg_v2b,1.0,0.728
q07_valida,segmentation,seg_v2l,0.867,0.752
q07_valida,lift,lift_prod,1.0,0.776
q07_valida,lift,lift_newv,1.0,0.978
q07_valida,view,view_v2,1.0,1.0
q07_valida,weight,weight_m,0.0,0.0
q08_nula,bar_hub,hub_btrk_b,0.075,0.574
q08_nula,bar_hub,hub_btrk_l,0.058,0.653
q08_nula,bar_hub,hub_smoke,0.875,0.327
q08_nula,bar_hub,hub_v1,1.0,0.656
q08_nula,bar_hub,hub_v2b,1.0,0.877
q08_nula,bar_hub,hub_v2l,1.0,0.878
q08_nula,bar_hub,hub_pwai,1.0,0.752
q08_nula,plates,plt_pw,1.0,0.959
q08_nula,plates,plt_prod,1.0,0.867
q08_nula,plates,plt_20b,1.0,0.907
q08_nula,plates,plt_20l,1.0,0.918
q08_nula,plates,plt_only,1.0,0.867
q08_nula,plates,plt_pwl,1.0,0.859
q08_nula,keypoints,kp_old,1.0,0.824
q08_nula,keypoints,kp_misc,1.0,0.831
q08_nula,keypoints,kp_skel17,1.0,0.813
q08_nula,keypoints,kp_v3b,1.0,0.758
q08_nula,keypoints,kp_v3l,1.0,0.837
q08_nula,keypoints,kp_20sep,1.0,0.869
q08_nula,segmentation,seg_pw,1.0,0.784
q08_nula,segmentation,seg_v1,0.658,0.797
q08_nula,segmentation,seg_v2b,0.65,0.821
q08_nula,segmentation,seg_v2l,0.65,0.895
q08_nula,lift,lift_prod,1.0,1.0
q08_nula,lift,lift_newv,1.0,0.996
q08_nula,view,view_v2,1.0,0.778
q08_nula,weight,weight_m,0.0,0.0
q09_other,bar_hub,hub_btrk_b,0.975,0.784
q09_other,bar_hub,hub_btrk_l,0.975,0.799
q09_other,bar_hub,hub_smoke,1.0,0.661
q09_other,bar_hub,hub_v1,1.0,0.812
q09_other,bar_hub,hub_v2b,1.0,0.883
q09_other,bar_hub,hub_v2l,1.0,0.884
q09_other,bar_hub,hub_pwai,1.0,0.941
q09_other,plates,plt_pw,0.908,0.681
q09_other,plates,plt_prod,1.0,0.808
q09_other,plates,plt_20b,1.0,0.857
q09_other,plates,plt_20l,1.0,0.947
q09_other,plates,plt_only,1.0,0.808
q09_other,plates,plt_pwl,1.0,0.809
q09_other,keypoints,kp_old,1.0,0.772
q09_other,keypoints,kp_misc,1.0,0.747
q09_other,keypoints,kp_skel17,1.0,0.775
q09_other,keypoints,kp_v3b,1.0,0.746
q09_other,keypoints,kp_v3l,1.0,0.824
q09_other,keypoints,kp_20sep,1.0,0.807
q09_other,segmentation,seg_pw,1.0,0.492
q09_other,segmentation,seg_v1,0.925,0.439
q09_other,segmentation,seg_v2b,1.0,0.737
q09_other,segmentation,seg_v2l,0.933,0.527
q09_other,lift,lift_prod,1.0,0.695
q09_other,lift,lift_newv,1.0,0.931
q09_other,view,view_v2,1.0,1.0
q09_other,weight,weight_m,0.0,0.0
